﻿{"name":"Frontier","dataColors":["#232526","#DC6F51","#A3623A","#D2B04C","#C39B6A","#016E51","#998F85","#FFA500","#3599B8","#DFBFBF","#4AC5BB","#5F6B6D","#FB8281","#F4D25A","#7F898A","#A4DDEE","#FDAB89","#B687AC","#28738A","#A78F8F","#168980","#293537","#BB4A4A","#B59525","#475052","#6A9FB0","#BD7150","#7B4F71","#1B4D5C","#706060","#0F5C55","#1C2325"],"background":"#F9F7F2","foreground":"#252423","tableAccent":"#426871","good":"#1AAB40","neutral":"#D9B300","bad":"#D64554","maximum":"#426871","center":"#C25A3D","minimum":"#D3F6FF","null":"#FF7F48","hyperlink":"#0078d4","visitedHyperlink":"#0078d4","textClasses":{"callout":{"fontFace":"Verdana","fontSize":25},"title":{"fontFace":"Verdana"},"header":{"fontFace":"Verdana"},"label":{"fontFace":"Verdana"}},"visualStyles":{"*":{"*":{"background":[{"color":{"solid":{"color":"white"}}}],"outspacePane":[{"backgroundColor":{"solid":{"color":"white"}}}],"filterCard":[{"$id":"Applied","foregroundColor":{"solid":{"color":"#252423"}}},{"$id":"Available","backgroundColor":{"solid":{"color":"white"}}}]}},"slicer":{"*":{"items":[{"background":{"solid":{"color":"#F9F7F2"}}}]}},"page":{"*":{"outspace":[{"color":{"solid":{"color":"#F9F7F2"}}}],"background":[{"transparency":0}]}}}}